Symbol,Date,Open,High,Low,Close,Volume
AEDAUD,07-Jun-2016,0.3694,0.3694,0.3651,0.3653,0
AEDCAD,07-Jun-2016,0.3491,0.3491,0.3469,0.3471,0
AEDCHF,07-Jun-2016,0.2642,0.2642,0.2628,0.2628,0
AEDDKK,07-Jun-2016,1.7817,1.7822,1.7804,1.7817,0
AEDEUR,07-Jun-2016,0.2396,0.2397,0.2394,0.2396,0
AEDGBP,07-Jun-2016,0.1883,0.1883,0.1872,0.1872,0
AEDINR,07-Jun-2016,18.174,18.179,18.168,18.173,0
AEDJPY,07-Jun-2016,29.279,29.281,29.2,29.202,0
AEDNOK,07-Jun-2016,2.2246,2.2246,2.2082,2.2089,0
AEDNZD,07-Jun-2016,0.3936,0.3936,0.3901,0.3904,0
AEDPKR,07-Jun-2016,28.45,28.464,28.45,28.464,0
AEDSAR,07-Jun-2016,1.0204,1.0207,1.0202,1.0204,0
AEDSEK,07-Jun-2016,2.2112,2.2133,2.209,2.2119,0
AEDUSD,07-Jun-2016,0.2722,0.2723,0.2722,0.2722,0
AEDZAR,07-Jun-2016,4.0559,4.0693,4.0277,4.06,0
ALLGBP,07-Jun-2016,0.0056,0.0056,0.0055,0.0055,0
ARSAUD,07-Jun-2016,0.0985,0.0985,0.0969,0.0971,0
ARSBRL,07-Jun-2016,0.2531,0.2546,0.2486,0.2486,0
ARSCAD,07-Jun-2016,0.093,0.0931,0.0921,0.0922,0
ARSCHF,07-Jun-2016,0.0704,0.0705,0.0698,0.0698,0
ARSEUR,07-Jun-2016,0.0639,0.064,0.0636,0.0637,0
ARSGBP,07-Jun-2016,0.0502,0.0502,0.0497,0.0497,0
ARSHKD,07-Jun-2016,0.5637,0.5637,0.5613,0.5615,0
ARSHUF,07-Jun-2016,19.863,19.883,19.754,19.765,0
ARSJPY,07-Jun-2016,7.802,7.822,7.756,7.759,0
ARSMXN,07-Jun-2016,1.3552,1.3574,1.327,1.3305,0
ARSSGD,07-Jun-2016,0.0984,0.0985,0.0977,0.0978,0
ARSUSD,07-Jun-2016,0.0726,0.0726,0.0723,0.0723,0
ARSZAR,07-Jun-2016,1.0818,1.0844,1.074,1.0771,0
AUDAED,07-Jun-2016,2.7,2.74,2.7,2.74,0
AUDARS,07-Jun-2016,10.151,10.3121,10.142,10.2945,0
AUDBRL,07-Jun-2016,2.5679,2.6085,2.5596,2.5596,0
AUDCAD,07-Jun-2016,0.9452,0.9545,0.9445,0.9502,0
AUDCHF,07-Jun-2016,0.7154,0.7222,0.7147,0.7184,0
AUDCNH,07-Jun-2016,4.8388,4.9024,4.8388,4.893,0
AUDCNY,07-Jun-2016,4.8322,4.8945,4.8322,4.8876,0
AUDCZK,07-Jun-2016,17.533,17.749,17.361,17.705,0
AUDDKK,07-Jun-2016,4.8262,4.8844,4.8211,4.8733,0
AUDEUR,07-Jun-2016,0.6489,0.6568,0.6483,0.6554,0
AUDFJD,07-Jun-2016,1.5263,1.5487,1.5263,1.5366,0
AUDGBP,07-Jun-2016,0.5098,0.513,0.5066,0.5119,0
AUDHKD,07-Jun-2016,5.7273,5.7954,5.7165,5.7788,0
AUDHUF,07-Jun-2016,201.74,203.89,201.56,203.3,0
AUDIDR,07-Jun-2016,9841.8,9970.8,9684.4,9873,0
AUDILS,07-Jun-2016,2.8173,2.8565,2.8137,2.8516,0
AUDINR,07-Jun-2016,49.197,49.76,49.159,49.654,0
AUDJPY,07-Jun-2016,79.162,80.303,79.02,79.831,0
AUDKRW,07-Jun-2016,854.34,862.99,854.34,860.78,0
AUDMXN,07-Jun-2016,13.7646,13.8801,13.6685,13.699,0
AUDMYR,07-Jun-2016,2.9923,3.0322,2.9923,3.0207,0
AUDNOK,07-Jun-2016,6.0221,6.073,6.0153,6.0398,0
AUDNZD,07-Jun-2016,1.0673,1.0739,1.0661,1.0711,0
AUDPHP,07-Jun-2016,33.906,34.254,33.906,34.217,0
AUDPKR,07-Jun-2016,77.014,77.964,77.014,77.964,0
AUDPLN,07-Jun-2016,2.8257,2.8579,2.8235,2.8522,0
AUDSEK,07-Jun-2016,5.9895,6.0682,5.9812,6.0474,0
AUDSGD,07-Jun-2016,0.9997,1.0097,0.9997,1.006,0
AUDTHB,07-Jun-2016,25.966,26.266,25.966,26.208,0
AUDTRY,07-Jun-2016,2.1418,2.1632,2.1401,2.1559,0
AUDTWD,07-Jun-2016,23.095,23.288,23.095,23.288,0
AUDUSD,07-Jun-2016,0.7374,0.7463,0.7359,0.7443,0
AUDZAR,07-Jun-2016,10.9826,11.1209,10.9825,11.0856,0
AWGUSD,07-Jun-2016,0.5571,0.5571,0.5571,0.5571,0
BDTGBP,07-Jun-2016,0.0087,0.0087,0.0086,0.0086,0
BDTJPY,07-Jun-2016,1.3357,1.3434,1.3357,1.3434,0
BGNCNY,07-Jun-2016,3.8064,3.8157,3.8023,3.8099,0
BGNDKK,07-Jun-2016,3.7874,3.7882,3.786,3.7861,0
BGNPLN,07-Jun-2016,2.2263,2.2277,2.2205,2.2249,0
BGNUSD,07-Jun-2016,0.5784,0.5786,0.5782,0.5782,0
BHDEUR,07-Jun-2016,2.3192,2.3199,2.3179,2.3195,0
BHDPKR,07-Jun-2016,277.17,277.3,277.17,277.3,0
BHDUSD,07-Jun-2016,2.6339,2.6343,2.6334,2.634,0
BNDGBP,07-Jun-2016,0.5025,0.5025,0.4989,0.4989,0
BRLARS,07-Jun-2016,3.9491,4.0191,3.9221,4.0191,0
BRLAUD,07-Jun-2016,0.3886,0.3899,0.3826,0.3899,0
BRLCAD,07-Jun-2016,0.3672,0.3705,0.3639,0.3705,0
BRLCHF,07-Jun-2016,0.2779,0.2805,0.2754,0.2804,0
BRLEUR,07-Jun-2016,0.2522,0.2558,0.2508,0.2558,0
BRLHKD,07-Jun-2016,2.2246,2.2559,2.2111,2.2558,0
BRLJPY,07-Jun-2016,30.789,31.169,30.626,31.169,0
BRLKRW,07-Jun-2016,332.947,336.281,329.375,336.086,0
BRLMXN,07-Jun-2016,5.3491,5.353,5.285,5.3423,0
BRLRUB,07-Jun-2016,18.737,18.791,18.505,18.788,0
BRLSEK,07-Jun-2016,2.3275,2.3615,2.3132,2.3614,0
BRLSGD,07-Jun-2016,0.3883,0.3928,0.3855,0.3928,0
BRLUSD,07-Jun-2016,0.2862,0.2904,0.2856,0.2904,0
BRLZAR,07-Jun-2016,4.2689,4.332,4.2312,4.3302,0
BWPCHF,07-Jun-2016,0.0879,0.0879,0.0879,0.0879,0
BWPEUR,07-Jun-2016,0.0795,0.08,0.0795,0.08,0
BWPGBP,07-Jun-2016,0.0626,0.0626,0.0623,0.0623,0
BWPUSD,07-Jun-2016,0.0902,0.0909,0.0902,0.0909,0
BWPZAR,07-Jun-2016,1.3633,1.374,1.3551,1.374,0
CADAED,07-Jun-2016,2.8656,2.884,2.8601,2.8777,0
CADARS,07-Jun-2016,10.746,10.8513,10.7309,10.8344,0
CADAUD,07-Jun-2016,1.0582,1.0584,1.0476,1.0522,0
CADBRL,07-Jun-2016,2.7181,2.7424,2.6935,2.6935,0
CADCHF,07-Jun-2016,0.7571,0.7584,0.7546,0.7566,0
CADCNH,07-Jun-2016,5.123,5.123,5.123,5.123,0
CADCNY,07-Jun-2016,5.113,5.1547,5.1125,5.144,0
CADDKK,07-Jun-2016,5.1063,5.1399,5.1017,5.1301,0
CADEUR,07-Jun-2016,0.6866,0.691,0.686,0.69,0
CADGBP,07-Jun-2016,0.5396,0.5397,0.5358,0.5388,0
CADHKD,07-Jun-2016,6.0607,6.0989,6.0493,6.0858,0
CADIDR,07-Jun-2016,10433.1,10456.7,10217.9,10391.3,0
CADILS,07-Jun-2016,2.9819,3.0059,2.9772,3.0011,0
CADINR,07-Jun-2016,52.073,52.36,52.028,52.271,0
CADISK,07-Jun-2016,94.78,95.6,94.78,95.6,0
CADJPY,07-Jun-2016,83.813,84.431,83.645,84.029,0
CADKRW,07-Jun-2016,904.47,907.91,901.38,905.89,0
CADKWD,07-Jun-2016,0.2348,0.2365,0.2345,0.2358,0
CADMXN,07-Jun-2016,14.572,14.593,14.367,14.417,0
CADMYR,07-Jun-2016,3.1669,3.1844,3.1631,3.1787,0
CADNOK,07-Jun-2016,6.3733,6.3852,6.3413,6.3577,0
CADNZD,07-Jun-2016,1.1287,1.1294,1.12,1.1267,0
CADPKR,07-Jun-2016,81.593,81.91,81.593,81.91,0
CADPLN,07-Jun-2016,2.99,3.0079,2.9863,3.0026,0
CADRUB,07-Jun-2016,50.897,50.977,50.6,50.648,0
CADSEK,07-Jun-2016,6.3372,6.3803,6.3293,6.3675,0
CADSGD,07-Jun-2016,1.0573,1.061,1.0557,1.0589,0
CADTHB,07-Jun-2016,27.477,27.641,27.472,27.584,0
CADTRY,07-Jun-2016,2.2665,2.2723,2.2632,2.2688,0
CADTWD,07-Jun-2016,24.245,24.475,24.245,24.475,0
CADUAH,07-Jun-2016,19.634,19.634,19.634,19.634,0
CADUSD,07-Jun-2016,0.7801,0.7851,0.7788,0.7835,0
CADZAR,07-Jun-2016,11.621,11.6977,11.5796,11.6639,0
CDFUSD,07-Jun-2016,0.0011,0.0011,0.0011,0.0011,0
CHFAED,07-Jun-2016,3.7837,3.8046,3.7837,3.8038,0
CHFARS,07-Jun-2016,14.192,14.3244,14.182,14.3165,0
CHFAUD,07-Jun-2016,1.3976,1.399,1.3838,1.3914,0
CHFBGN,07-Jun-2016,1.7914,1.7914,1.7914,1.7914,0
CHFBRL,07-Jun-2016,3.5903,3.6222,3.5584,3.5585,0
CHFBWP,07-Jun-2016,11.086,11.086,11.081,11.081,0
CHFCAD,07-Jun-2016,1.3206,1.3246,1.3184,1.3218,0
CHFCNH,07-Jun-2016,6.764,6.764,6.764,6.764,0
CHFCNY,07-Jun-2016,6.7526,6.7997,6.7526,6.7972,0
CHFCZK,07-Jun-2016,24.499,24.638,24.482,24.638,0
CHFDKK,07-Jun-2016,6.7448,6.7818,6.7208,6.7797,0
CHFEUR,07-Jun-2016,0.9069,0.9121,0.9062,0.9119,0
CHFGBP,07-Jun-2016,0.7126,0.7129,0.7085,0.7122,0
CHFHKD,07-Jun-2016,8.0052,8.0525,7.9958,8.0437,0
CHFHUF,07-Jun-2016,281.97,283.343,281.539,283.024,0
CHFIDR,07-Jun-2016,13779.3,13849.6,13511.2,13730.5,0
CHFILS,07-Jun-2016,3.9379,3.9671,3.9333,3.966,0
CHFINR,07-Jun-2016,68.775,69.124,68.707,69.08,0
CHFISK,07-Jun-2016,126.14,126.76,126.03,126.62,0
CHFJPY,07-Jun-2016,110.706,111.775,110.52,111.162,0
CHFKRW,07-Jun-2016,1194.51,1199.23,1192.5,1196.9,0
CHFLVL,07-Jun-2016,0.5671,0.5671,0.5671,0.5671,0
CHFMXN,07-Jun-2016,19.245,19.273,19.001,19.054,0
CHFMYR,07-Jun-2016,4.1828,4.2058,4.1828,4.2007,0
CHFNOK,07-Jun-2016,8.4206,8.4262,8.381,8.4135,0
CHFNZD,07-Jun-2016,1.4909,1.4929,1.4824,1.4882,0
CHFPKR,07-Jun-2016,107.837,108.475,107.463,108.438,0
CHFPLN,07-Jun-2016,3.9499,3.9706,3.9476,3.9679,0
CHFRON,07-Jun-2016,4.0853,4.103,4.0843,4.1003,0
CHFRUB,07-Jun-2016,67.231,67.516,66.884,66.929,0
CHFSEK,07-Jun-2016,8.3716,8.4267,8.366,8.4161,0
CHFSGD,07-Jun-2016,1.3967,1.403,1.3965,1.4001,0
CHFSZL,07-Jun-2016,15.281,15.281,15.173,15.173,0
CHFTHB,07-Jun-2016,36.292,36.482,36.26,36.449,0
CHFTRY,07-Jun-2016,2.9948,3.0037,2.9904,3.0006,0
CHFTWD,07-Jun-2016,32.208,32.344,32.208,32.344,0
CHFUSD,07-Jun-2016,1.0305,1.0366,1.0292,1.0357,0
CHFUZS,07-Jun-2016,3025.6,3045.8,3023.6,3045.4,0
CHFZAR,07-Jun-2016,15.3522,15.4553,15.3076,15.4553,0
CLPEUR,07-Jun-2016,0.0013,0.0013,0.0013,0.0013,0
CLPGBP,07-Jun-2016,0.001,0.001,0.001,0.001,0
CLPUSD,07-Jun-2016,0.0015,0.0015,0.0015,0.0015,0
CNHHKD,07-Jun-2016,1.1826,1.1826,1.1804,1.1808,0
CNHIDR,07-Jun-2016,2038,2038,2038,2038,0
CNHINR,07-Jun-2016,10.185,10.185,10.185,10.185,0
CNHJPY,07-Jun-2016,16.3629,16.4023,16.3112,16.3169,0
CNHKRW,07-Jun-2016,177.3,177.3,177.3,177.3,0
CNHPHP,07-Jun-2016,7.03,7.03,7.03,7.03,0
CNHTHB,07-Jun-2016,5.374,5.374,5.374,5.374,0
CNHTWD,07-Jun-2016,4.921,4.921,4.921,4.921,0
CNYAUD,07-Jun-2016,0.2066,0.2066,0.2038,0.2038,0
CNYBGN,07-Jun-2016,0.262,0.262,0.2611,0.2618,0
CNYCAD,07-Jun-2016,0.1951,0.1951,0.1938,0.1938,0
CNYCHF,07-Jun-2016,0.1476,0.1476,0.1467,0.1467,0
CNYDKK,07-Jun-2016,0.9964,0.9964,0.993,0.9951,0
CNYEUR,07-Jun-2016,0.134,0.134,0.1335,0.1338,0
CNYGBP,07-Jun-2016,0.1052,0.1052,0.1045,0.1045,0
CNYHKD,07-Jun-2016,1.184,1.1843,1.1807,1.1816,0
CNYJPY,07-Jun-2016,16.36,16.387,16.303,16.313,0
CNYKRW,07-Jun-2016,176.6,177.2,175.21,175.78,0
CNYMYR,07-Jun-2016,0.5718,0.5718,0.5718,0.5718,0
CNYNZD,07-Jun-2016,0.2199,0.22,0.2178,0.218,0
CNYPLN,07-Jun-2016,0.5843,0.5843,0.5819,0.5832,0
CNYUSD,07-Jun-2016,0.1524,0.1524,0.152,0.1522,0
CNYZAR,07-Jun-2016,2.2694,2.2747,2.2509,2.2697,0
COPDKK,07-Jun-2016,0.0021,0.0021,0.0021,0.0021,0
COPPLN,07-Jun-2016,0.0013,0.0013,0.0013,0.0013,0
CRCGBP,07-Jun-2016,0.0013,0.0013,0.0013,0.0013,0
CYPZAR,07-Jun-2016,28.918,29.011,28.711,28.954,0
CZKCHF,07-Jun-2016,0.0408,0.0408,0.0406,0.0406,0
CZKDKK,07-Jun-2016,0.2752,0.2752,0.2751,0.2752,0
CZKEUR,07-Jun-2016,0.037,0.037,0.037,0.037,0
CZKJPY,07-Jun-2016,4.5169,4.5383,4.5032,4.5075,0
CZKMXN,07-Jun-2016,0.785,0.786,0.7715,0.773,0
CZKNOK,07-Jun-2016,0.3404,0.3404,0.3404,0.3404,0
CZKPLN,07-Jun-2016,0.1611,0.1612,0.1606,0.1611,0
CZKSEK,07-Jun-2016,0.3414,0.342,0.3412,0.3415,0
CZKUSD,07-Jun-2016,0.042,0.0421,0.042,0.042,0
DJFGBP,07-Jun-2016,0.0038,0.0038,0.0038,0.0038,0
DKKAED,07-Jun-2016,0.5606,0.5608,0.5605,0.5606,0
DKKAUD,07-Jun-2016,0.2071,0.2074,0.2047,0.2051,0
DKKBGN,07-Jun-2016,0.262,0.2621,0.262,0.2621,0
DKKCAD,07-Jun-2016,0.1958,0.196,0.1944,0.1949,0
DKKCHF,07-Jun-2016,14.772,14.807,14.691,14.691,0
DKKCNY,07-Jun-2016,1.001,1.0035,0.9997,1.0022,0
DKKCOP,07-Jun-2016,453.51,454.56,453.51,454.56,0
DKKCZK,07-Jun-2016,3.629,3.633,3.629,3.629,0
DKKEUR,07-Jun-2016,0.1344,0.1345,0.1344,0.1345,0
DKKGBP,07-Jun-2016,0.1057,0.1057,0.1046,0.105,0
DKKHKD,07-Jun-2016,1.1867,1.1884,1.1841,1.1857,0
DKKHUF,07-Jun-2016,41.795,41.855,41.682,41.735,0
DKKINR,07-Jun-2016,10.1969,10.2149,10.1607,10.197,0
DKKISK,07-Jun-2016,18.718,18.718,18.675,18.675,0
DKKJPY,07-Jun-2016,16.4128,16.4932,16.361,16.3912,0
DKKLVL,07-Jun-2016,0.0941,0.0941,0.0941,0.0941,0
DKKMXN,07-Jun-2016,2.8529,2.8561,2.8024,2.8098,0
DKKMYR,07-Jun-2016,0.62,0.6234,0.6179,0.6194,0
DKKNOK,07-Jun-2016,1.2485,1.2485,1.2379,1.24,0
DKKNZD,07-Jun-2016,0.2209,0.2214,0.2186,0.2197,0
DKKPHP,07-Jun-2016,7.0274,7.0339,7.0125,7.0129,0
DKKPKR,07-Jun-2016,15.986,15.994,15.923,15.988,0
DKKPLN,07-Jun-2016,0.5855,0.5861,0.5839,0.5853,0
DKKSEK,07-Jun-2016,1.2409,1.2427,1.2397,1.2411,0
DKKSGD,07-Jun-2016,0.2068,0.207,0.2062,0.2063,0
DKKTHB,07-Jun-2016,5.3833,5.3915,5.3708,5.3794,0
DKKTRY,07-Jun-2016,0.4439,0.4445,0.4419,0.4423,0
DKKTWD,07-Jun-2016,4.7872,4.7872,4.7778,4.7778,0
DKKUAH,07-Jun-2016,3.7627,3.7737,3.7627,3.7737,0
DKKUSD,07-Jun-2016,0.1528,0.153,0.1525,0.1527,0
DKKZAR,07-Jun-2016,2.2759,2.2835,2.2605,2.2766,0
DOPGBP,07-Jun-2016,0.0151,0.0151,0.0149,0.015,0
DZDEUR,07-Jun-2016,0.008,0.008,0.008,0.008,0
DZDUSD,07-Jun-2016,0.0091,0.0091,0.0091,0.0091,0
EGPEUR,07-Jun-2016,0.0989,0.0989,0.0989,0.0989,0
EGPJPY,07-Jun-2016,12.08,12.103,12.055,12.055,0
EGPPKR,07-Jun-2016,11.765,11.777,11.765,11.777,0
EGPUSD,07-Jun-2016,0.1124,0.1124,0.1123,0.1123,0
ETBGBP,07-Jun-2016,0.0317,0.0317,0.0313,0.0313,0
EURAED,07-Jun-2016,4.17,4.174,4.167,4.169,0
EURAFN,07-Jun-2016,77.26,77.48,77.26,77.48,0
EURALL,07-Jun-2016,135.95,135.95,135.91,135.91,0
EURAMD,07-Jun-2016,513.16,514.58,513.16,514.58,0
EURARS,07-Jun-2016,15.6478,15.7113,15.613,15.6971,0
EURAUD,07-Jun-2016,1.5407,1.5424,1.5217,1.5255,0
EURBAM,07-Jun-2016,1.9458,1.9458,1.9458,1.9458,0
EURBBD,07-Jun-2016,2.2226,2.2276,2.2226,2.2276,0
EURBDT,07-Jun-2016,87.348,87.533,87.348,87.533,0
EURBGN,07-Jun-2016,1.9484,1.9491,1.9483,1.9489,0
EURBHD,07-Jun-2016,0.4252,0.4257,0.4249,0.4251,0
EURBIF,07-Jun-2016,1751.56,1751.56,1741.27,1741.27,0
EURBND,07-Jun-2016,1.5168,1.5168,1.5113,1.5113,0
EURBOB,07-Jun-2016,7.6097,7.6268,7.6097,7.6268,0
EURBRL,07-Jun-2016,3.9575,3.979,3.9012,3.9013,0
EURBSD,07-Jun-2016,1.1265,1.129,1.1265,1.129,0
EURBWP,07-Jun-2016,12.2549,12.2549,12.1741,12.1741,0
EURBYR,07-Jun-2016,16849,16849,16849,16849,0
EURBZD,07-Jun-2016,2.2283,2.2333,2.2283,2.2333,0
EURCAD,07-Jun-2016,1.4561,1.4577,1.4447,1.4489,0
EURCHF,07-Jun-2016,1.1021,1.1033,1.0957,1.0961,0
EURCLP,07-Jun-2016,759.37,759.37,759.14,759.14,0
EURCNH,07-Jun-2016,7.4613,7.4741,7.4561,7.4676,0
EURCNY,07-Jun-2016,7.4443,7.4607,7.4442,7.4524,0
EURCOP,07-Jun-2016,3373,3381,3373,3381,0
EURCRC,07-Jun-2016,598.08,598.57,598.08,598.57,0
EURCUP,07-Jun-2016,1.103,1.106,1.103,1.106,0
EURCVE,07-Jun-2016,110.27,110.27,110.27,110.27,0
EURCZK,07-Jun-2016,27.0171,27.0191,26.9974,27.0151,0
EURDJF,07-Jun-2016,196.06,196.5,196.06,196.5,0
EURDKK,07-Jun-2016,7.4368,7.4375,7.4336,7.4352,0
EURDOP,07-Jun-2016,51.283,51.398,51.283,51.398,0
EURDZD,07-Jun-2016,124.144,124.146,123.914,123.915,0
EUREGP,07-Jun-2016,10.06,10.067,10.057,10.059,0
EURETB,07-Jun-2016,24.3692,24.4233,24.3692,24.4233,0
EURFJD,07-Jun-2016,2.354,2.3593,2.3415,2.3416,0
EURGBP,07-Jun-2016,0.7857,0.7858,0.7752,0.7809,0
EURGHS,07-Jun-2016,4.4097,4.4097,4.3769,4.3769,0
EURGNF,07-Jun-2016,8234.8,8248,8234.8,8248,0
EURGTQ,07-Jun-2016,8.454,8.484,8.454,8.484,0
EURHKD,07-Jun-2016,8.8268,8.8394,8.8071,8.8201,0
EURHNL,07-Jun-2016,25.151,25.196,25.151,25.196,0
EURHRK,07-Jun-2016,7.504,7.5141,7.504,7.5126,0
EURHTG,07-Jun-2016,70.33,70.46,70.33,70.46,0
EURHUF,07-Jun-2016,310.877,311.355,309.872,310.287,0
EURIDR,07-Jun-2016,15190,15190,15055,15055,0
EURILS,07-Jun-2016,4.3406,4.3628,4.3276,4.3512,0
EURINR,07-Jun-2016,75.8249,75.9094,75.5521,75.7479,0
EURIQD,07-Jun-2016,1295.04,1296.81,1295.04,1296.81,0
EURISK,07-Jun-2016,139.24,139.24,138.91,138.91,0
EURJMD,07-Jun-2016,139.772,140.139,139.772,140.139,0
EURJOD,07-Jun-2016,0.797,0.7977,0.7965,0.7965,0
EURJPY,07-Jun-2016,122.055,122.691,121.654,121.796,0
EURKES,07-Jun-2016,112.93,112.95,112.8,112.81,0
EURKHR,07-Jun-2016,4533.1,4537.6,4533.1,4537.6,0
EURKRW,07-Jun-2016,1318.6,1321.5,1308.6,1312.4,0
EURKWD,07-Jun-2016,0.3414,0.3414,0.3412,0.3412,0
EURKYD,07-Jun-2016,0.9245,0.9266,0.9245,0.9266,0
EURKZT,07-Jun-2016,376.82,376.82,375.95,375.95,0
EURLAK,07-Jun-2016,8944.2,8960.4,8944.2,8960.4,0
EURLBP,07-Jun-2016,1710.8,1711,1708.9,1711,0
EURLKR,07-Jun-2016,162.04,162.18,162.04,162.18,0
EURLSL,07-Jun-2016,16.8509,16.8509,16.6397,16.6397,0
EURLTL,07-Jun-2016,3.4528,3.4528,3.4528,3.4528,0
EURLVL,07-Jun-2016,0.7016,0.7016,0.7016,0.7016,0
EURLYD,07-Jun-2016,1.517,1.5221,1.517,1.5221,0
EURMAD,07-Jun-2016,10.68,10.68,10.656,10.658,0
EURMDL,07-Jun-2016,22.119,22.119,22.113,22.113,0
EURMKD,07-Jun-2016,61.126,61.133,61.124,61.129,0
EURMMK,07-Jun-2016,1330.809,1333.212,1330.809,1333.212,0
EURMOP,07-Jun-2016,8.8688,8.8876,8.8688,8.8876,0
EURMRO,07-Jun-2016,396.78,397.69,396.78,397.69,0
EURMUR,07-Jun-2016,38.85,38.86,38.58,38.73,0
EURMVR,07-Jun-2016,16.997,16.997,16.98,16.98,0
EURMWK,07-Jun-2016,799.944,801.039,799.944,801.039,0
EURMXN,07-Jun-2016,21.222,21.247,20.823,20.879,0
EURMYR,07-Jun-2016,4.5656,4.5656,4.5298,4.5298,0
EURNAD,07-Jun-2016,16.8509,16.8509,16.6397,16.6397,0
EURNGN,07-Jun-2016,222.9,223.3,222.9,223.3,0
EURNIO,07-Jun-2016,31.84,31.91,31.84,31.91,0
EURNOK,07-Jun-2016,9.2787,9.2836,9.1993,9.2227,0
EURNPR,07-Jun-2016,119.87,119.87,119.618,119.618,0
EURNZD,07-Jun-2016,1.6431,1.647,1.6253,1.6341,0
EUROMR,07-Jun-2016,0.4359,0.4363,0.4356,0.4357,0
EURPAB,07-Jun-2016,1.1084,1.1109,1.1084,1.1109,0
EURPEN,07-Jun-2016,3.6998,3.6998,3.6984,3.6984,0
EURPGK,07-Jun-2016,3.4224,3.4335,3.4224,3.4335,0
EURPHP,07-Jun-2016,52.264,52.317,52.148,52.149,0
EURPKR,07-Jun-2016,118.73,118.75,118.609,118.75,0
EURPLN,07-Jun-2016,4.3554,4.3594,4.3402,4.3521,0
EURPYG,07-Jun-2016,6313.8,6313.8,6296.8,6296.8,0
EURQAR,07-Jun-2016,4.129,4.1331,4.1289,4.1296,0
EURRON,07-Jun-2016,4.513,4.5134,4.5036,4.505,0
EURRSD,07-Jun-2016,123.202,123.27,123.172,123.21,0
EURRUB,07-Jun-2016,74.3733,74.4716,72.8548,73.3633,0
EURRWF,07-Jun-2016,831.14,833,831.14,833,0
EURSAR,07-Jun-2016,4.254,4.26,4.2515,4.2537,0
EURSCR,07-Jun-2016,13.803,13.987,13.785,13.786,0
EURSEK,07-Jun-2016,9.2291,9.2416,9.2198,9.2254,0
EURSGD,07-Jun-2016,1.5401,1.5425,1.5336,1.5346,0
EURSOS,07-Jun-2016,627.1,628.5,627.1,628.5,0
EURSTD,07-Jun-2016,24500,24500,24500,24500,0
EURSVC,07-Jun-2016,9.68,9.7,9.68,9.7,0
EURSZL,07-Jun-2016,16.8916,16.8916,16.6693,16.6693,0
EURTHB,07-Jun-2016,40.06,40.096,39.931,39.982,0
EURTND,07-Jun-2016,2.4118,2.4193,2.4101,2.4165,0
EURTRY,07-Jun-2016,3.3022,3.3064,3.2819,3.2889,0
EURTTD,07-Jun-2016,7.399,7.4156,7.399,7.4156,0
EURTWD,07-Jun-2016,35.606,35.606,35.533,35.533,0
EURTZS,07-Jun-2016,2433.45,2440.05,2433.45,2440.05,0
EURUAH,07-Jun-2016,27.986,28.0652,27.986,28.0652,0
EURUGX,07-Jun-2016,3769.2,3769.2,3766.2,3766.2,0
EURUSD,07-Jun-2016,1.1363,1.138,1.1339,1.1355,0
EURUYU,07-Jun-2016,34.85,34.85,34.655,34.655,0
EURUZS,07-Jun-2016,3300.83,3304.75,3300.83,3304.75,0
EURVEF,07-Jun-2016,11.204,11.33,11.135,11.3208,0
EURVND,07-Jun-2016,24959,24983,24959,24983,0
EURXAF,07-Jun-2016,655.957,655.957,655.957,655.957,0
EURXOF,07-Jun-2016,655.957,655.957,655.957,655.957,0
EURXPF,07-Jun-2016,119.26,119.26,119.26,119.26,0
EURYER,07-Jun-2016,283.96,284.33,283.5,283.81,0
EURZAR,07-Jun-2016,16.9251,16.9932,16.8112,16.9402,0
FJDGBP,07-Jun-2016,0.3303,0.3303,0.3277,0.3301,0
FJDUSD,07-Jun-2016,0.4775,0.48,0.4765,0.48,0
GBPAED,07-Jun-2016,5.3065,5.3409,5.3065,5.3388,0
GBPALL,07-Jun-2016,172.69,174.5,172.69,174.5,0
GBPARS,07-Jun-2016,19.9153,20.1277,19.9149,20.0981,0
GBPAUD,07-Jun-2016,1.9607,1.9873,1.9482,1.9535,0
GBPBDT,07-Jun-2016,110.95,112.39,110.95,112.39,0
GBPBGN,07-Jun-2016,2.4798,2.4956,2.4798,2.4955,0
GBPBHD,07-Jun-2016,0.541,0.5444,0.541,0.5442,0
GBPBIF,07-Jun-2016,2224.9,2235.6,2224.9,2235.6,0
GBPBMD,07-Jun-2016,1.4459,1.4594,1.4456,1.4539,0
GBPBND,07-Jun-2016,1.9267,1.9404,1.9267,1.9404,0
GBPBRL,07-Jun-2016,5.0348,5.063,4.9927,4.9929,0
GBPBWP,07-Jun-2016,15.567,15.63,15.567,15.63,0
GBPCAD,07-Jun-2016,1.853,1.8792,1.8515,1.8556,0
GBPCHF,07-Jun-2016,1.4025,1.4211,1.4019,1.4034,0
GBPCLP,07-Jun-2016,983.71,992.87,983.71,988.76,0
GBPCNH,07-Jun-2016,9.497,9.6,9.497,9.561,0
GBPCNY,07-Jun-2016,9.475,9.581,9.475,9.541,0
GBPCOP,07-Jun-2016,4284.7,4340.5,4284.7,4340.5,0
GBPCRC,07-Jun-2016,780.29,786.07,778.56,783.9,0
GBPCZK,07-Jun-2016,34.369,34.715,34.365,34.567,0
GBPDJF,07-Jun-2016,249.05,252.29,249.05,252.29,0
GBPDKK,07-Jun-2016,9.467,9.587,9.465,9.522,0
GBPDOP,07-Jun-2016,66.352,66.964,66.249,66.69,0
GBPDZD,07-Jun-2016,157.96,158.81,157.96,158.66,0
GBPEGP,07-Jun-2016,12.803,12.9237,12.803,12.8793,0
GBPETB,07-Jun-2016,30.955,31.357,30.955,31.357,0
GBPEUR,07-Jun-2016,1.2725,1.2857,1.2721,1.2801,0
GBPFJD,07-Jun-2016,2.9961,3.0198,2.9961,2.9981,0
GBPGTQ,07-Jun-2016,11.031,11.142,11.007,11.112,0
GBPHKD,07-Jun-2016,11.236,11.384,11.228,11.293,0
GBPHNL,07-Jun-2016,32.605,32.969,32.605,32.944,0
GBPHRK,07-Jun-2016,9.5506,9.6471,9.5505,9.6174,0
GBPHTG,07-Jun-2016,90.911,91.687,90.738,91.452,0
GBPHUF,07-Jun-2016,395.7,400.7,395.6,397.2,0
GBPIDR,07-Jun-2016,19299,19461,19006,19275,0
GBPILS,07-Jun-2016,5.5255,5.5807,5.5251,5.5677,0
GBPINR,07-Jun-2016,96.5603,97.4945,96.5603,97.196,0
GBPIQD,07-Jun-2016,1645,1665,1645,1665,0
GBPISK,07-Jun-2016,176.86,178.34,176.86,178.34,0
GBPJMD,07-Jun-2016,177.54,179.93,177.54,179.93,0
GBPJOD,07-Jun-2016,1.0201,1.026,1.0201,1.026,0
GBPJPY,07-Jun-2016,155.27,157.921,154.993,155.967,0
GBPKES,07-Jun-2016,143.7,144.8,143.7,144.4,0
GBPKRW,07-Jun-2016,1675.9,1686.4,1675.9,1679.8,0
GBPKWD,07-Jun-2016,0.4344,0.4371,0.4344,0.4368,0
GBPKZT,07-Jun-2016,478.65,482.64,478.65,482.64,0
GBPLBP,07-Jun-2016,2180.8,2194.3,2177.8,2194.3,0
GBPLKR,07-Jun-2016,205.83,208.23,205.83,208.23,0
GBPLTL,07-Jun-2016,4.4496,4.4496,4.4496,4.4496,0
GBPLVL,07-Jun-2016,0.8482,0.8482,0.8482,0.8482,0
GBPMAD,07-Jun-2016,13.594,13.694,13.592,13.647,0
GBPMUR,07-Jun-2016,49.53,49.639,49.458,49.586,0
GBPMVR,07-Jun-2016,21.631,21.735,21.631,21.735,0
GBPMWK,07-Jun-2016,1016.1,1028.5,1016.1,1028.5,0
GBPMXN,07-Jun-2016,27.01,27.395,26.634,26.73,0
GBPMYR,07-Jun-2016,5.8687,5.9185,5.8687,5.897,0
GBPNGN,07-Jun-2016,287.83,290.42,287.25,289.32,0
GBPNIO,07-Jun-2016,41.195,41.585,41.136,41.581,0
GBPNOK,07-Jun-2016,11.8138,11.915,11.7676,11.8112,0
GBPNZD,07-Jun-2016,2.091,2.119,2.0825,2.0925,0
GBPOMR,07-Jun-2016,0.5545,0.5583,0.5545,0.5578,0
GBPPEN,07-Jun-2016,4.7869,4.8537,4.7869,4.7985,0
GBPPGK,07-Jun-2016,4.3467,4.4085,4.3467,4.4085,0
GBPPHP,07-Jun-2016,66.498,66.852,66.498,66.773,0
GBPPKR,07-Jun-2016,151.1,152,151.1,152,0
GBPPLN,07-Jun-2016,5.5422,5.6125,5.5407,5.5704,0
GBPQAR,07-Jun-2016,5.2579,5.2906,5.2579,5.2895,0
GBPRON,07-Jun-2016,5.7431,5.791,5.7428,5.7672,0
GBPRSD,07-Jun-2016,156.78,158.43,156.78,157.75,0
GBPRUB,07-Jun-2016,94.32,94.975,93.948,93.948,0
GBPSAR,07-Jun-2016,5.4137,5.4551,5.4137,5.4464,0
GBPSCR,07-Jun-2016,17.566,17.913,17.566,17.651,0
GBPSEK,07-Jun-2016,11.745,11.8929,11.742,11.8198,0
GBPSGD,07-Jun-2016,1.9601,1.9886,1.9601,1.965,0
GBPSZL,07-Jun-2016,21.456,21.456,21.402,21.402,0
GBPTHB,07-Jun-2016,50.9,51.3,50.9,51.2,0
GBPTND,07-Jun-2016,3.0699,3.1072,3.0689,3.0948,0
GBPTRY,07-Jun-2016,4.2026,4.2539,4.1973,4.2108,0
GBPTTD,07-Jun-2016,9.399,9.521,9.399,9.521,0
GBPTWD,07-Jun-2016,46.767,47.015,46.66,47.015,0
GBPTZS,07-Jun-2016,3091,3133,3091,3133,0
GBPUAH,07-Jun-2016,35.549,36.034,35.549,36.034,0
GBPUGX,07-Jun-2016,4788,4836,4788,4836,0
GBPUSD,07-Jun-2016,1.4464,1.4657,1.4454,1.454,0
GBPVND,07-Jun-2016,31703,32077,31703,32077,0
GBPXAF,07-Jun-2016,833.12,842.22,833.12,842.22,0
GBPXCD,07-Jun-2016,3.8868,3.9231,3.8866,3.9087,0
GBPXPF,07-Jun-2016,151.8,153.19,151.73,152.31,0
GBPZAR,07-Jun-2016,21.5368,21.8786,21.532,21.6916,0
GHSEUR,07-Jun-2016,0.2242,0.2259,0.2242,0.2259,0
GHSUSD,07-Jun-2016,0.2542,0.2566,0.2542,0.2566,0
GTQGBP,07-Jun-2016,0.0907,0.0908,0.0898,0.09,0
HKDARS,07-Jun-2016,1.7731,1.7804,1.7728,1.7798,0
HKDAUD,07-Jun-2016,0.1746,0.1748,0.1726,0.1729,0
HKDBRL,07-Jun-2016,0.4487,0.4513,0.4424,0.4424,0
HKDCAD,07-Jun-2016,0.1649,0.1652,0.164,0.1643,0
HKDCHF,07-Jun-2016,0.1249,0.1251,0.1242,0.1243,0
HKDCNY,07-Jun-2016,0.8436,0.8453,0.8425,0.845,0
HKDDKK,07-Jun-2016,0.8425,0.8442,0.8412,0.843,0
HKDEUR,07-Jun-2016,0.1133,0.1135,0.1131,0.1134,0
HKDGBP,07-Jun-2016,0.089,0.089,0.0882,0.0886,0
HKDIDR,07-Jun-2016,1721.1,1723,1682,1707.1,0
HKDINR,07-Jun-2016,8.5914,8.6056,8.5707,8.5887,0
HKDJPY,07-Jun-2016,13.827,13.89,13.795,13.811,0
HKDKRW,07-Jun-2016,149.17,149.85,148.39,148.74,0
HKDMXN,07-Jun-2016,2.4039,2.4081,2.3635,2.3687,0
HKDMYR,07-Jun-2016,0.5225,0.5257,0.5212,0.5222,0
HKDNZD,07-Jun-2016,0.1862,0.1866,0.1844,0.185,0
HKDPKR,07-Jun-2016,13.453,13.463,13.453,13.463,0
HKDPLN,07-Jun-2016,0.4936,0.4938,0.4921,0.4935,0
HKDSEK,07-Jun-2016,1.045,1.0487,1.0435,1.0461,0
HKDSGD,07-Jun-2016,0.1744,0.1749,0.1739,0.174,0
HKDTHB,07-Jun-2016,4.5334,4.5421,4.5258,4.5316,0
HKDTWD,07-Jun-2016,4.0427,4.0427,4.0271,4.0271,0
HKDUSD,07-Jun-2016,0.1287,0.1288,0.1287,0.1288,0
HKDZAR,07-Jun-2016,1.9176,1.9234,1.9042,1.9218,0
HNLGBP,07-Jun-2016,0.0307,0.0307,0.0303,0.0304,0
HRKEUR,07-Jun-2016,0.1332,0.1332,0.133,0.133,0
HRKPLN,07-Jun-2016,0.5802,0.5802,0.5779,0.5791,0
HRKUSD,07-Jun-2016,0.1513,0.1514,0.1509,0.1511,0
HTGGBP,07-Jun-2016,0.011,0.011,0.0109,0.0109,0
HUFARS,07-Jun-2016,0.0503,0.0506,0.0503,0.0505,0
HUFCHF,07-Jun-2016,0.0035,0.0036,0.0035,0.0035,0
HUFDKK,07-Jun-2016,0.0239,0.024,0.0239,0.0239,0
HUFEUR,07-Jun-2016,0.0032,0.0032,0.0032,0.0032,0
HUFPLN,07-Jun-2016,0.014,0.014,0.014,0.014,0
HUFUSD,07-Jun-2016,0.0037,0.0037,0.0037,0.0037,0
IDRAUD,07-Jun-2016,0.0101,0.0102,0.01,0.0101,0
IDRCAD,07-Jun-2016,0.9579,0.9638,0.9545,0.9568,0
IDRCHF,07-Jun-2016,0.0073,0.0073,0.0072,0.0072,0
IDRCNY,07-Jun-2016,0.049,0.0495,0.049,0.0492,0
IDREUR,07-Jun-2016,0.0066,0.0066,0.0065,0.0066,0
IDRGBP,07-Jun-2016,0.0052,0.0052,0.0051,0.0052,0
IDRHKD,07-Jun-2016,0.0006,0.0006,0.0006,0.0006,0
IDRINR,07-Jun-2016,0.005,0.0051,0.005,0.0051,0
IDRJPY,07-Jun-2016,0.8032,0.8105,0.8012,0.805,0
IDRKRW,07-Jun-2016,8.672,8.711,8.617,8.67,0
IDRMYR,07-Jun-2016,0.0304,0.0307,0.0304,0.0307,0
IDRNZD,07-Jun-2016,0.0108,0.0109,0.0107,0.0108,0
IDRSGD,07-Jun-2016,0.0101,0.0102,0.0101,0.0101,0
IDRTHB,07-Jun-2016,0.2633,0.2652,0.2624,0.2641,0
IDRTWD,07-Jun-2016,0.2342,0.2357,0.2337,0.2347,0
IDRUSD,07-Jun-2016,0.0075,0.0076,0.0075,0.0076,0
IDRZAR,07-Jun-2016,0.1113,0.1122,0.111,0.1117,0
ILSAUD,07-Jun-2016,0.3547,0.3551,0.3499,0.3504,0
ILSCAD,07-Jun-2016,0.3351,0.3356,0.3324,0.3329,0
ILSCHF,07-Jun-2016,0.2537,0.2541,0.2519,0.2519,0
ILSJOD,07-Jun-2016,0.1852,0.186,0.1848,0.1848,0
ILSJPY,07-Jun-2016,28.107,28.283,27.994,28.006,0
ILSPLN,07-Jun-2016,1.0024,1.0044,0.9978,1.0004,0
ILSSEK,07-Jun-2016,2.1244,2.1302,2.1186,2.1211,0
ILSUSD,07-Jun-2016,0.2615,0.2624,0.261,0.261,0
INRAUD,07-Jun-2016,0.0203,0.0203,0.0201,0.0201,0
INRCAD,07-Jun-2016,0.0192,0.0192,0.0191,0.0191,0
INRCHF,07-Jun-2016,0.0145,0.0146,0.0145,0.0145,0
INRCNY,07-Jun-2016,0.0981,0.0985,0.0981,0.0983,0
INREUR,07-Jun-2016,0.0132,0.0132,0.0132,0.0132,0
INRGBP,07-Jun-2016,0.0104,0.0104,0.0103,0.0103,0
INRHKD,07-Jun-2016,0.1163,0.1166,0.116,0.1163,0
INRJPY,07-Jun-2016,1.609,1.615,1.606,1.607,0
INRKRW,07-Jun-2016,17.347,17.415,17.276,17.304,0
INRMYR,07-Jun-2016,0.0608,0.0611,0.0607,0.0607,0
INRNZD,07-Jun-2016,0.0217,0.0217,0.0215,0.0215,0
INRPKR,07-Jun-2016,1.5645,1.5684,1.5645,1.5684,0
INRSEK,07-Jun-2016,0.1215,0.1222,0.1214,0.1217,0
INRTHB,07-Jun-2016,0.5272,0.5281,0.5266,0.5271,0
INRTWD,07-Jun-2016,0.4684,0.4685,0.4684,0.4685,0
INRUSD,07-Jun-2016,0.015,0.015,0.0149,0.015,0
INRZAR,07-Jun-2016,0.223,0.2238,0.2216,0.2234,0
IQDGBP,07-Jun-2016,0.0006,0.0006,0.0006,0.0006,0
ISKCHF,07-Jun-2016,0.0079,0.0079,0.0079,0.0079,0
ISKNOK,07-Jun-2016,0.0528,0.0528,0.0528,0.0528,0
JMDGBP,07-Jun-2016,0.0055,0.0055,0.0054,0.0054,0
JODAED,07-Jun-2016,5.1824,5.1847,5.1786,5.1846,0
JODEUR,07-Jun-2016,1.2503,1.2503,1.2503,1.2503,0
JODILS,07-Jun-2016,5.3968,5.4073,5.3729,5.4073,0
JODUSD,07-Jun-2016,1.4067,1.4073,1.4065,1.4073,0
JPYAED,07-Jun-2016,0.0341,0.0342,0.0341,0.0342,0
JPYARS,07-Jun-2016,0.1281,0.1289,0.1277,0.1288,0
JPYAUD,07-Jun-2016,0.0126,0.0126,0.0125,0.0125,0
JPYBRL,07-Jun-2016,0.0324,0.0326,0.032,0.032,0
JPYCAD,07-Jun-2016,0.0119,0.0119,0.0119,0.0119,0
JPYCHF,07-Jun-2016,0.902,0.9034,0.8943,0.8987,0
JPYCLP,07-Jun-2016,6.338,6.3382,6.3291,6.3291,0
JPYCNY,07-Jun-2016,0.061,0.0612,0.0607,0.0612,0
JPYCZK,07-Jun-2016,0.2213,0.222,0.2202,0.2218,0
JPYDKK,07-Jun-2016,0.0609,0.0611,0.0607,0.061,0
JPYEUR,07-Jun-2016,0.0082,0.0082,0.0082,0.0082,0
JPYGBP,07-Jun-2016,0.0064,0.0065,0.0064,0.0064,0
JPYHKD,07-Jun-2016,0.0723,0.0725,0.072,0.0724,0
JPYIDR,07-Jun-2016,124.22,124.72,121.46,123.53,0
JPYILS,07-Jun-2016,0.0356,0.0357,0.0353,0.0357,0
JPYINR,07-Jun-2016,0.6209,0.6222,0.6185,0.6217,0
JPYISK,07-Jun-2016,1.1458,1.1458,1.1344,1.1344,0
JPYKRW,07-Jun-2016,10.7873,10.8303,10.7062,10.7687,0
JPYLVL,07-Jun-2016,0.4912,0.4912,0.4912,0.4912,0
JPYMXN,07-Jun-2016,0.1737,0.1741,0.171,0.1714,0
JPYMYR,07-Jun-2016,0.0378,0.0381,0.0375,0.0378,0
JPYNOK,07-Jun-2016,0.076,0.0762,0.0754,0.0754,0
JPYNZD,07-Jun-2016,0.0135,0.0135,0.0133,0.0134,0
JPYPKR,07-Jun-2016,0.9708,0.9739,0.9708,0.9739,0
JPYPLN,07-Jun-2016,0.0357,0.0357,0.0354,0.0357,0
JPYRUB,07-Jun-2016,0.6061,0.6071,0.6018,0.6019,0
JPYSEK,07-Jun-2016,7.555,7.5826,7.5161,7.5694,0
JPYTHB,07-Jun-2016,0.3277,0.3285,0.3263,0.3279,0
JPYTWD,07-Jun-2016,0.293,0.293,0.2902,0.2902,0
JPYUSD,07-Jun-2016,0.0093,0.0093,0.0093,0.0093,0
JPYZAR,07-Jun-2016,0.1386,0.1392,0.1372,0.1391,0
KESEUR,07-Jun-2016,0.0086,0.0086,0.0086,0.0086,0
KESUSD,07-Jun-2016,0.0097,0.0097,0.0097,0.0097,0
KESZAR,07-Jun-2016,0.1448,0.145,0.1447,0.145,0
KMFUSD,07-Jun-2016,0.0023,0.0023,0.0023,0.0023,0
KRWAUD,07-Jun-2016,0.1168,0.1168,0.1157,0.1161,0
KRWBRL,07-Jun-2016,0.003,0.003,0.003,0.003,0
KRWCAD,07-Jun-2016,0.1104,0.1109,0.11,0.1103,0
KRWCHF,07-Jun-2016,0.0835,0.0838,0.0833,0.0834,0
KRWCNY,07-Jun-2016,0.5644,0.5684,0.5629,0.5672,0
KRWEUR,07-Jun-2016,0.0757,0.0762,0.0757,0.076,0
KRWGBP,07-Jun-2016,0.0596,0.0596,0.0592,0.0594,0
KRWHKD,07-Jun-2016,0.6691,0.6725,0.6666,0.6711,0
KRWIDR,07-Jun-2016,11.5223,11.5764,11.2924,11.4592,0
KRWINR,07-Jun-2016,5.7536,5.7798,5.7364,5.771,0
KRWJPY,07-Jun-2016,9.254,9.329,9.22,9.275,0
KRWMYR,07-Jun-2016,0.3495,0.3511,0.3488,0.3505,0
KRWNZD,07-Jun-2016,0.1246,0.1246,0.1237,0.1242,0
KRWRUB,07-Jun-2016,0.0562,0.0564,0.0559,0.0559,0
KRWSEK,07-Jun-2016,0.007,0.0071,0.007,0.007,0
KRWSGD,07-Jun-2016,0.0012,0.0012,0.0012,0.0012,0
KRWTHB,07-Jun-2016,3.0351,3.0463,3.0274,3.0419,0
KRWTWD,07-Jun-2016,2.7011,2.7122,2.6915,2.705,0
KRWUSD,07-Jun-2016,0.0861,0.0865,0.0858,0.0863,0
KRWZAR,07-Jun-2016,1.2833,1.2894,1.2802,1.2872,0
KWDAED,07-Jun-2016,12.18,12.19,12.17,12.183,0
KWDGBP,07-Jun-2016,2.2888,2.2888,2.2739,2.2757,0
KWDPKR,07-Jun-2016,346.74,346.94,346.74,346.94,0
KWDUSD,07-Jun-2016,3.3077,3.3094,3.3076,3.3094,0
KZTGBP,07-Jun-2016,0.0021,0.0021,0.002,0.002,0
LBPUSD,07-Jun-2016,0.0007,0.0007,0.0007,0.0007,0
LKRUSD,07-Jun-2016,0.0067,0.0067,0.0067,0.0067,0
LRDUSD,07-Jun-2016,0.0105,0.0105,0.0105,0.0105,0
LTLEUR,07-Jun-2016,0.2893,0.2893,0.2893,0.2893,0
LTLLVL,07-Jun-2016,0.2032,0.2032,0.2032,0.2032,0
LTLPLN,07-Jun-2016,1.2613,1.2619,1.2579,1.2606,0
LTLUSD,07-Jun-2016,0.3409,0.3409,0.3409,0.3409,0
MADGBP,07-Jun-2016,0.0696,0.0697,0.0691,0.0694,0
MADUSD,07-Jun-2016,0.1007,0.1009,0.1007,0.1009,0
MDLEUR,07-Jun-2016,0.0446,0.0446,0.0444,0.0446,0
MDLUSD,07-Jun-2016,0.0507,0.0507,0.0506,0.0507,0
MKDUSD,07-Jun-2016,0.0183,0.0183,0.0183,0.0183,0
MUREUR,07-Jun-2016,0.0248,0.0248,0.0248,0.0248,0
MURGBP,07-Jun-2016,0.0188,0.0188,0.0187,0.0187,0
MURUSD,07-Jun-2016,0.0272,0.0273,0.0272,0.0273,0
MURZAR,07-Jun-2016,0.4045,0.4062,0.4045,0.406,0
MVRUSD,07-Jun-2016,0.0639,0.0639,0.0639,0.0639,0
MWKGBP,07-Jun-2016,0.001,0.001,0.001,0.001,0
MXNARS,07-Jun-2016,0.7374,0.7532,0.7362,0.7515,0
MXNAUD,07-Jun-2016,0.0726,0.073,0.072,0.073,0
MXNBRL,07-Jun-2016,0.1866,0.189,0.1864,0.1868,0
MXNCAD,07-Jun-2016,0.0686,0.0695,0.0686,0.0693,0
MXNCHF,07-Jun-2016,0.052,0.0526,0.0519,0.0525,0
MXNCZK,07-Jun-2016,1.2731,1.2956,1.2717,1.293,0
MXNDKK,07-Jun-2016,0.3505,0.3566,0.3501,0.3559,0
MXNEUR,07-Jun-2016,0.0471,0.048,0.0471,0.0479,0
MXNGBP,07-Jun-2016,0.037,0.0375,0.0368,0.0374,0
MXNHKD,07-Jun-2016,0.4158,0.423,0.4152,0.4221,0
MXNJPY,07-Jun-2016,5.75,5.848,5.74,5.832,0
MXNSGD,07-Jun-2016,0.0726,0.0736,0.0726,0.0735,0
MXNUSD,07-Jun-2016,0.0535,0.0545,0.0531,0.0544,0
MXNZAR,07-Jun-2016,0.7977,0.812,0.7956,0.8096,0
MYRAUD,07-Jun-2016,0.3317,0.3318,0.3284,0.3307,0
MYRCAD,07-Jun-2016,0.3134,0.3152,0.3126,0.3143,0
MYRCHF,07-Jun-2016,0.2372,0.2384,0.2361,0.2378,0
MYRCNH,07-Jun-2016,1.62,1.62,1.62,1.62,0
MYRCNY,07-Jun-2016,1.6024,1.6178,1.6024,1.6167,0
MYRDKK,07-Jun-2016,1.6111,1.6165,1.6024,1.6133,0
MYREUR,07-Jun-2016,0.2116,0.2132,0.2116,0.2132,0
MYRGBP,07-Jun-2016,0.1691,0.1695,0.1676,0.1694,0
MYRHKD,07-Jun-2016,1.8999,1.9149,1.8979,1.9129,0
MYRIDR,07-Jun-2016,3265.2,3294.7,3215,3265.9,0
MYRINR,07-Jun-2016,16.323,16.446,16.308,16.431,0
MYRJPY,07-Jun-2016,26.279,26.506,26.24,26.432,0
MYRKRW,07-Jun-2016,283.42,285.36,282.33,284.63,0
MYRNZD,07-Jun-2016,0.3562,0.3562,0.3531,0.3541,0
MYRPKR,07-Jun-2016,25.756,25.789,25.756,25.789,0
MYRSGD,07-Jun-2016,0.3316,0.359,0.3306,0.3329,0
MYRTHB,07-Jun-2016,8.6131,8.6769,8.6011,8.67,0
MYRTWD,07-Jun-2016,7.6644,7.7081,7.6644,7.7081,0
MYRUSD,07-Jun-2016,0.2461,0.2467,0.2446,0.2464,0
MYRZAR,07-Jun-2016,3.6432,3.676,3.6217,3.6747,0
NGNGBP,07-Jun-2016,0.0035,0.0035,0.0035,0.0035,0
NGNJPY,07-Jun-2016,0.5399,0.5424,0.539,0.5392,0
NIOGBP,07-Jun-2016,0.0243,0.0243,0.024,0.024,0
NOKCHF,07-Jun-2016,11.842,11.917,11.838,11.853,0
NOKCNH,07-Jun-2016,0.805,0.805,0.805,0.805,0
NOKDKK,07-Jun-2016,0.8007,0.8069,0.8007,0.806,0
NOKEUR,07-Jun-2016,0.1077,0.1085,0.1077,0.1083,0
NOKGBP,07-Jun-2016,0.0846,0.0848,0.0837,0.0846,0
NOKINR,07-Jun-2016,8.1692,8.2283,8.1692,8.2234,0
NOKISK,07-Jun-2016,14.951,15.042,14.951,15.042,0
NOKJPY,07-Jun-2016,13.1399,13.2753,13.1164,13.1969,0
NOKLVL,07-Jun-2016,0.0833,0.0833,0.0833,0.0833,0
NOKPLN,07-Jun-2016,0.469,0.4724,0.469,0.4717,0
NOKSEK,07-Jun-2016,0.9934,1.0019,0.9934,0.9996,0
NOKUSD,07-Jun-2016,0.1223,0.1233,0.1222,0.1231,0
NOKZAR,07-Jun-2016,1.8238,1.838,1.8217,1.8326,0
NZDAED,07-Jun-2016,2.5377,2.5631,2.5369,2.5591,0
NZDAUD,07-Jun-2016,0.9372,0.9377,0.9315,0.9337,0
NZDCAD,07-Jun-2016,0.8854,0.8932,0.8853,0.8866,0
NZDCHF,07-Jun-2016,0.6701,0.6747,0.6693,0.6709,0
NZDCNH,07-Jun-2016,4.549,4.549,4.549,4.549,0
NZDCNY,07-Jun-2016,4.529,4.5807,4.528,4.5681,0
NZDCZK,07-Jun-2016,16.422,16.595,16.39,16.518,0
NZDDKK,07-Jun-2016,4.5241,4.5711,4.5164,4.551,0
NZDEUR,07-Jun-2016,0.6082,0.6145,0.6074,0.6122,0
NZDGBP,07-Jun-2016,0.4776,0.4799,0.4744,0.4779,0
NZDHKD,07-Jun-2016,5.3669,5.4241,5.3544,5.3965,0
NZDHUF,07-Jun-2016,189.07,190.72,188.65,189.8,0
NZDIDR,07-Jun-2016,9227.3,9331.3,9075.3,9231.4,0
NZDINR,07-Jun-2016,46.144,46.544,46.061,46.367,0
NZDJPY,07-Jun-2016,74.207,75.079,74.071,74.528,0
NZDKRW,07-Jun-2016,801.14,807.4,801.14,804.86,0
NZDMXN,07-Jun-2016,12.9071,12.9418,12.7842,12.7842,0
NZDMYR,07-Jun-2016,2.8064,2.8303,2.8064,2.8229,0
NZDNOK,07-Jun-2016,5.6427,5.6767,5.6313,5.6425,0
NZDPHP,07-Jun-2016,31.813,32.038,31.813,32.014,0
NZDPKR,07-Jun-2016,72.409,72.954,72.409,72.954,0
NZDPLN,07-Jun-2016,2.6489,2.6735,2.6432,2.663,0
NZDSEK,07-Jun-2016,5.6112,5.6818,5.6063,5.6473,0
NZDSGD,07-Jun-2016,0.9366,0.9442,0.9366,0.9394,0
NZDTHB,07-Jun-2016,24.345,24.573,24.332,24.488,0
NZDTRY,07-Jun-2016,2.0085,2.0229,2.004,2.013,0
NZDTWD,07-Jun-2016,21.737,21.759,21.737,21.759,0
NZDUSD,07-Jun-2016,0.6909,0.6982,0.6892,0.6947,0
NZDZAR,07-Jun-2016,10.2916,10.4073,10.2715,10.3553,0
OMRAED,07-Jun-2016,9.5343,9.5344,9.5329,9.534,0
OMRGBP,07-Jun-2016,1.7912,1.7912,1.7774,1.7803,0
OMRPKR,07-Jun-2016,271.37,271.53,271.37,271.53,0
OMRUSD,07-Jun-2016,2.5886,2.5886,2.5877,2.5884,0
OMRZAR,07-Jun-2016,38.6979,38.8129,38.4162,38.6391,0
PENGBP,07-Jun-2016,0.2089,0.2089,0.206,0.2083,0
PGKGBP,07-Jun-2016,0.2198,0.2198,0.2167,0.2167,0
PHPAUD,07-Jun-2016,0.0293,0.0293,0.029,0.0291,0
PHPDKK,07-Jun-2016,0.1415,0.1419,0.1413,0.1418,0
PHPGBP,07-Jun-2016,0.0149,0.0149,0.0149,0.0149,0
PHPJPY,07-Jun-2016,2.3244,2.3298,2.3225,2.3228,0
PHPNZD,07-Jun-2016,0.0312,0.0313,0.031,0.0311,0
PHPUSD,07-Jun-2016,0.0217,0.0217,0.0216,0.0217,0
PKRGBP,07-Jun-2016,0.0066,0.0066,0.0066,0.0066,0
PKRJPY,07-Jun-2016,1.0271,1.0271,1.0239,1.0239,0
PKRZAR,07-Jun-2016,0.1424,0.1432,0.1414,0.1425,0
PLNCHF,07-Jun-2016,0.253,0.2532,0.2516,0.2518,0
PLNCOP,07-Jun-2016,785.61,789.35,785.25,787.79,0
PLNCZK,07-Jun-2016,6.202,6.216,6.196,6.204,0
PLNDKK,07-Jun-2016,1.7068,1.7117,1.7052,1.7075,0
PLNEUR,07-Jun-2016,0.2295,0.2301,0.2293,0.2296,0
PLNGBP,07-Jun-2016,0.1802,0.1803,0.1789,0.1793,0
PLNHUF,07-Jun-2016,71.38,71.558,71.209,71.294,0
PLNILS,07-Jun-2016,0.9968,1.0013,0.9946,0.9991,0
PLNJPY,07-Jun-2016,27.967,28.207,27.871,27.956,0
PLNNOK,07-Jun-2016,2.1307,2.1309,2.1152,2.1186,0
PLNRUB,07-Jun-2016,17.0121,17.0536,16.8458,16.854,0
PLNSEK,07-Jun-2016,2.1179,2.127,2.1151,2.1188,0
PLNUSD,07-Jun-2016,0.2607,0.2615,0.2605,0.2608,0
QARAED,07-Jun-2016,1.0085,1.0086,1.0082,1.0084,0
QARGBP,07-Jun-2016,0.19,0.19,0.1888,0.1889,0
QARPKR,07-Jun-2016,28.71,28.72,28.71,28.72,0
QARUSD,07-Jun-2016,0.2746,0.2746,0.2746,0.2746,0
QARZAR,07-Jun-2016,4.092,4.1056,4.0624,4.0991,0
RONCHF,07-Jun-2016,0.244,0.2442,0.2427,0.2432,0
RONGBP,07-Jun-2016,0.174,0.174,0.1725,0.1732,0
RONPLN,07-Jun-2016,0.9649,0.966,0.9637,0.966,0
RONUSD,07-Jun-2016,0.2514,0.2521,0.2511,0.2516,0
RSDUSD,07-Jun-2016,0.0092,0.0092,0.0092,0.0092,0
RUBCHF,07-Jun-2016,0.0149,0.0149,0.0148,0.0149,0
RUBGBP,07-Jun-2016,0.0106,0.0106,0.0105,0.0106,0
RUBJPY,07-Jun-2016,1.6497,1.6611,1.6462,1.6611,0
RUBKRW,07-Jun-2016,17.802,17.893,17.726,17.893,0
RUBLVL,07-Jun-2016,0.016,0.016,0.016,0.016,0
RUBPLN,07-Jun-2016,0.0587,0.0593,0.0586,0.0593,0
RUBUSD,07-Jun-2016,0.0153,0.0155,0.0152,0.0155,0
SAREUR,07-Jun-2016,0.2345,0.2346,0.2343,0.2345,0
SARPKR,07-Jun-2016,27.868,27.878,27.867,27.878,0
SARUSD,07-Jun-2016,0.2664,0.2664,0.2663,0.2663,0
SCRGBP,07-Jun-2016,0.0497,0.0497,0.0487,0.0495,0
SCRUSD,07-Jun-2016,0.0719,0.0719,0.071,0.0719,0
SEKAUD,07-Jun-2016,0.1668,0.1671,0.1647,0.1652,0
SEKCAD,07-Jun-2016,0.1577,0.1579,0.1566,0.1569,0
SEKCHF,07-Jun-2016,11.89,11.94,11.82,11.82,0
SEKCNH,07-Jun-2016,0.809,0.809,0.809,0.809,0
SEKCZK,07-Jun-2016,2.9266,2.9302,2.9227,2.9251,0
SEKDKK,07-Jun-2016,0.8056,0.8064,0.8046,0.8053,0
SEKEUR,07-Jun-2016,0.1083,0.1084,0.1082,0.1083,0
SEKGBP,07-Jun-2016,0.0851,0.0851,0.0843,0.0846,0
SEKILS,07-Jun-2016,0.4704,0.4712,0.4694,0.4711,0
SEKINR,07-Jun-2016,8.217,8.2326,8.1811,8.2122,0
SEKISK,07-Jun-2016,15.055,15.058,15.055,15.058,0
SEKJPY,07-Jun-2016,13.2188,13.2976,13.1682,13.2,0
SEKLVL,07-Jun-2016,0.0786,0.0786,0.0786,0.0786,0
SEKNOK,07-Jun-2016,1.0052,1.0057,0.9956,0.999,0
SEKPLN,07-Jun-2016,0.4717,0.4719,0.4698,0.4716,0
SEKUSD,07-Jun-2016,0.1231,0.1233,0.1227,0.1229,0
SEKZAR,07-Jun-2016,1.834,1.8409,1.8229,1.8369,0
SGDAED,07-Jun-2016,2.707,2.717,2.705,2.715,0
SGDARS,07-Jun-2016,10.1601,10.2297,10.1405,10.2234,0
SGDAUD,07-Jun-2016,1.0004,1.0004,0.9911,0.9929,0
SGDBRL,07-Jun-2016,2.5702,2.5896,2.5406,2.5409,0
SGDCAD,07-Jun-2016,0.9452,0.9454,0.9424,0.9436,0
SGDCHF,07-Jun-2016,0.7152,0.7157,0.7126,0.714,0
SGDCNH,07-Jun-2016,4.843,4.843,4.843,4.843,0
SGDCNY,07-Jun-2016,4.8335,4.8559,4.8308,4.8547,0
SGDDKK,07-Jun-2016,4.8265,4.8464,4.8199,4.8441,0
SGDEUR,07-Jun-2016,0.6489,0.6517,0.648,0.6514,0
SGDGBP,07-Jun-2016,0.51,0.51,0.5063,0.5086,0
SGDHKD,07-Jun-2016,5.7311,5.7475,5.7166,5.7418,0
SGDIDR,07-Jun-2016,9849.8,9890.5,9652.7,9805,0
SGDINR,07-Jun-2016,49.24,49.37,49.149,49.331,0
SGDJPY,07-Jun-2016,79.23,79.733,79.054,79.369,0
SGDKRW,07-Jun-2016,855.08,857.21,852.17,854.78,0
SGDMXN,07-Jun-2016,13.7755,13.7763,13.5748,13.6037,0
SGDMYR,07-Jun-2016,2.9945,3.0077,2.991,2.9998,0
SGDNZD,07-Jun-2016,1.0668,1.067,1.0592,1.0629,0
SGDPKR,07-Jun-2016,77.106,77.354,77.106,77.354,0
SGDPLN,07-Jun-2016,2.8271,2.8359,2.8232,2.8349,0
SGDSEK,07-Jun-2016,5.9885,6.0196,5.9793,6.0097,0
SGDTHB,07-Jun-2016,25.968,26.055,25.935,26.024,0
SGDTWD,07-Jun-2016,23.759,23.798,23.729,23.789,0
SGDUSD,07-Jun-2016,0.7374,0.7399,0.736,0.7395,0
SGDZAR,07-Jun-2016,10.991,11.0332,10.9353,11.0332,0
SHPUSD,07-Jun-2016,0.6291,0.6353,0.629,0.6328,0
SLLUSD,07-Jun-2016,0.0003,0.0003,0.0003,0.0003,0
SZLCHF,07-Jun-2016,0.0639,0.0644,0.0639,0.0644,0
SZLEUR,07-Jun-2016,0.0578,0.0586,0.0578,0.0586,0
SZLGBP,07-Jun-2016,0.0455,0.0456,0.0455,0.0456,0
SZLUSD,07-Jun-2016,0.0656,0.0666,0.0656,0.0666,0
THBAUD,07-Jun-2016,0.0385,0.0385,0.038,0.0381,0
THBCAD,07-Jun-2016,0.0363,0.0364,0.0361,0.0362,0
THBCHF,07-Jun-2016,0.0275,0.0275,0.0274,0.0274,0
THBCNY,07-Jun-2016,0.1859,0.1864,0.1858,0.1863,0
THBEUR,07-Jun-2016,0.0249,0.025,0.0249,0.025,0
THBGBP,07-Jun-2016,0.0196,0.0196,0.0194,0.0195,0
THBHKD,07-Jun-2016,0.2204,0.2207,0.2199,0.2204,0
THBIDR,07-Jun-2016,378.773,379.71,370.823,376.414,0
THBINR,07-Jun-2016,1.8948,1.8964,1.8899,1.8946,0
THBJPY,07-Jun-2016,3.0481,3.0591,3.0416,3.0472,0
THBKRW,07-Jun-2016,32.882,32.966,32.724,32.823,0
THBMYR,07-Jun-2016,0.1151,0.1157,0.1148,0.1152,0
THBNZD,07-Jun-2016,0.041,0.0411,0.0406,0.0408,0
THBPKR,07-Jun-2016,2.9625,2.9692,2.9625,2.9692,0
THBSGD,07-Jun-2016,0.0384,0.0385,0.0383,0.0384,0
THBTWD,07-Jun-2016,0.8898,0.8898,0.8882,0.8882,0
THBUSD,07-Jun-2016,0.0283,0.0284,0.0283,0.0284,0
THBZAR,07-Jun-2016,0.4224,0.4237,0.4197,0.4236,0
TNDGBP,07-Jun-2016,0.3243,0.3246,0.3205,0.3219,0
TNDUSD,07-Jun-2016,0.4686,0.4691,0.4673,0.4682,0
TRYCHF,07-Jun-2016,0.3337,0.3342,0.3327,0.3332,0
TRYDKK,07-Jun-2016,2.2507,2.261,2.2478,2.2595,0
TRYJPY,07-Jun-2016,36.933,37.253,36.835,37.015,0
TRYPLN,07-Jun-2016,1.3188,1.3234,1.3177,1.3229,0
TRYUSD,07-Jun-2016,0.344,0.3456,0.3435,0.3451,0
TRYZAR,07-Jun-2016,5.1276,5.1482,5.1099,5.1482,0
TTDGBP,07-Jun-2016,0.1023,0.1023,0.101,0.101,0
TWDAUD,07-Jun-2016,0.0421,0.0421,0.0417,0.0417,0
TWDCAD,07-Jun-2016,0.0398,0.0398,0.0396,0.0397,0
TWDCHF,07-Jun-2016,0.0301,0.0301,0.03,0.03,0
TWDCNY,07-Jun-2016,0.2034,0.2041,0.2033,0.204,0
TWDDKK,07-Jun-2016,0.1978,0.1982,0.1978,0.1982,0
TWDGBP,07-Jun-2016,0.0215,0.0215,0.0213,0.0214,0
TWDHKD,07-Jun-2016,0.2411,0.2416,0.2408,0.2413,0
TWDIDR,07-Jun-2016,414.38,415.74,406.38,412.1,0
TWDINR,07-Jun-2016,2.0627,2.0751,2.0587,2.0647,0
TWDJPY,07-Jun-2016,3.335,3.35,3.329,3.336,0
TWDKRW,07-Jun-2016,35.971,36.093,35.826,35.919,0
TWDMYR,07-Jun-2016,0.1253,0.1264,0.1253,0.1254,0
TWDNZD,07-Jun-2016,0.0448,0.0449,0.0443,0.0445,0
TWDPKR,07-Jun-2016,3.2408,3.2509,3.2408,3.2509,0
TWDSEK,07-Jun-2016,0.2521,0.2529,0.2519,0.2525,0
TWDSGD,07-Jun-2016,0.0421,0.0421,0.0419,0.042,0
TWDTHB,07-Jun-2016,1.0934,1.0949,1.0913,1.0938,0
TWDUSD,07-Jun-2016,0.0309,0.0311,0.0308,0.0309,0
TWDZAR,07-Jun-2016,0.4624,0.4639,0.4596,0.4638,0
TZSZAR,07-Jun-2016,0.0068,0.0068,0.0068,0.0068,0
UAHDKK,07-Jun-2016,0.2602,0.2602,0.2594,0.2594,0
UAHEUR,07-Jun-2016,0.035,0.035,0.0349,0.0349,0
UAHPLN,07-Jun-2016,0.154,0.154,0.1531,0.1534,0
UAHUSD,07-Jun-2016,0.0397,0.0397,0.0396,0.0396,0
USDAED,07-Jun-2016,3.6721,3.6728,3.6721,3.6721,0
USDAFN,07-Jun-2016,68.139,68.205,68.139,68.205,0
USDALL,07-Jun-2016,121.55,121.55,121.391,121.55,0
USDAMD,07-Jun-2016,478.3,478.82,478.3,478.82,0
USDARS,07-Jun-2016,13.7724,13.8295,13.7605,13.8208,0
USDAUD,07-Jun-2016,1.3557,1.3585,1.3396,1.3432,0
USDAWG,07-Jun-2016,1.785,1.785,1.785,1.785,0
USDBDT,07-Jun-2016,77.036,77.054,77.036,77.054,0
USDBGN,07-Jun-2016,1.7135,1.7167,1.7122,1.7158,0
USDBHD,07-Jun-2016,0.3744,0.3746,0.3744,0.3744,0
USDBIF,07-Jun-2016,1530,1530.5,1530,1530,0
USDBMD,07-Jun-2016,1,1,1,1,0
USDBND,07-Jun-2016,1.3377,1.3377,1.3304,1.3304,0
USDBOB,07-Jun-2016,6.7108,6.7128,6.7108,6.7128,0
USDBRL,07-Jun-2016,3.4842,3.5052,3.435,3.435,0
USDBWP,07-Jun-2016,10.808,10.808,10.715,10.715,0
USDBZD,07-Jun-2016,1.9653,1.9657,1.9653,1.9657,0
USDCAD,07-Jun-2016,1.2812,1.2839,1.2732,1.276,0
USDCDF,07-Jun-2016,913,914,913,914,0
USDCHF,07-Jun-2016,0.9699,0.9713,0.9644,0.9654,0
USDCLP,07-Jun-2016,680,680,679.01,679.4,0
USDCNH,07-Jun-2016,6.5667,6.5775,6.5667,6.5753,0
USDCNY,07-Jun-2016,6.5633,6.5767,6.5614,6.5709,0
USDCOP,07-Jun-2016,3019,3019,2941,2941,0
USDCRC,07-Jun-2016,527.48,527.48,526.84,526.84,0
USDCUP,07-Jun-2016,0.9727,0.9735,0.9727,0.9735,0
USDCVE,07-Jun-2016,96.57,96.75,96.57,96.75,0
USDCZK,07-Jun-2016,23.7757,23.8269,23.7421,23.7876,0
USDDJF,07-Jun-2016,177.72,177.72,177.44,177.72,0
USDDKK,07-Jun-2016,6.5446,6.5583,6.5347,6.5471,0
USDDOP,07-Jun-2016,45.85,45.85,45.799,45.82,0
USDDZD,07-Jun-2016,109.284,109.284,109.11,109.11,0
USDEGP,07-Jun-2016,8.855,8.8603,8.8539,8.857,0
USDETB,07-Jun-2016,21.61,21.61,21.6,21.6,0
USDEUR,07-Jun-2016,0.8801,0.8816,0.8788,0.8804,0
USDFJD,07-Jun-2016,2.0725,2.0764,2.0619,2.0619,0
USDGBP,07-Jun-2016,0.6913,0.6917,0.6848,0.6876,0
USDGEL,07-Jun-2016,2.131,2.131,2.118,2.118,0
USDGHS,07-Jun-2016,3.83,3.85,3.83,3.85,0
USDGMD,07-Jun-2016,42.1,42.12,42.1,42.1,0
USDGNF,07-Jun-2016,7250,7255,7250,7255,0
USDGTQ,07-Jun-2016,7.4557,7.4672,7.4557,7.4672,0
USDHKD,07-Jun-2016,7.7669,7.7674,7.7645,7.765,0
USDHNL,07-Jun-2016,22.41,22.51,22.39,22.51,0
USDHRK,07-Jun-2016,6.5691,6.6171,6.5634,6.5866,0
USDHTG,07-Jun-2016,62.021,62.021,62.021,62.021,0
USDHUF,07-Jun-2016,273.538,273.947,272.955,273.28,0
USDIDR,07-Jun-2016,13330,13388,13156,13256,0
USDILS,07-Jun-2016,3.8195,3.8397,3.8064,3.8308,0
USDINR,07-Jun-2016,66.7969,66.9127,66.5625,66.7034,0
USDIQD,07-Jun-2016,1178,1178,1176.2,1178,0
USDISK,07-Jun-2016,122.41,122.41,122.236,122.25,0
USDJOD,07-Jun-2016,0.706,0.706,0.7056,0.7056,0
USDJPY,07-Jun-2016,107.417,107.9,107.152,107.219,0
USDKES,07-Jun-2016,99.429,99.434,99.334,99.334,0
USDKHR,07-Jun-2016,4061,4061,4055.4,4061,0
USDKMF,07-Jun-2016,432.7,433.1,432.7,433,0
USDKRW,07-Jun-2016,1161.8,1165.66,1152.23,1155.48,0
USDKWD,07-Jun-2016,0.301,0.301,0.3008,0.3008,0
USDKZT,07-Jun-2016,332.31,332.31,330.96,330.96,0
USDLAK,07-Jun-2016,8077,8077,8067.94,8075,0
USDLBP,07-Jun-2016,1507,1508,1505.2,1508,0
USDLKR,07-Jun-2016,142.91,142.91,142.77,142.77,0
USDLRD,07-Jun-2016,89,89.22,89,89,0
USDLSL,07-Jun-2016,14.9,14.9,14.8788,14.89,0
USDLYD,07-Jun-2016,1.3,1.3027,1.3,1.3,0
USDMAD,07-Jun-2016,9.6451,9.6451,9.6189,9.628,0
USDMDL,07-Jun-2016,19.506,19.506,19.466,19.466,0
USDMKD,07-Jun-2016,53.831,53.863,53.816,53.829,0
USDMMK,07-Jun-2016,1173.6999,1173.6999,1173.6,1173.6,0
USDMOP,07-Jun-2016,7.822,7.824,7.822,7.824,0
USDMRO,07-Jun-2016,351,351,350.65,351,0
USDMUR,07-Jun-2016,34.257,34.257,34.009,34.106,0
USDMVR,07-Jun-2016,14.96,14.96,14.95,14.95,0
USDMWK,07-Jun-2016,625,626,624.2,626,0
USDMXN,07-Jun-2016,18.6707,18.7074,18.3509,18.3975,0
USDMYR,07-Jun-2016,4.0589,4.086,4.0002,4.0555,0
USDNAD,07-Jun-2016,14.9,14.9,14.8788,14.889,0
USDNGN,07-Jun-2016,199,199,198.79,198.9,0
USDNIO,07-Jun-2016,28.2,28.3,28.1904,28.3,0
USDNOK,07-Jun-2016,8.1635,8.1773,8.0894,8.1198,0
USDNPR,07-Jun-2016,105.72,105.72,105.3,105.3,0
USDNZD,07-Jun-2016,1.4463,1.4492,1.4324,1.4368,0
USDOMR,07-Jun-2016,0.3839,0.384,0.3837,0.384,0
USDPAB,07-Jun-2016,0.9775,0.9778,0.9775,0.9778,0
USDPEN,07-Jun-2016,3.308,3.308,3.299,3.299,0
USDPGK,07-Jun-2016,3.1605,3.1605,3.1539,3.1605,0
USDPHP,07-Jun-2016,46.0403,46.2356,45.8831,45.9194,0
USDPKR,07-Jun-2016,104.5,104.55,104.3949,104.55,0
USDPLN,07-Jun-2016,3.8323,3.8377,3.8149,3.8326,0
USDPYG,07-Jun-2016,5568,5568,5542.2,5542.2,0
USDQAR,07-Jun-2016,3.636,3.6382,3.636,3.6377,0
USDRON,07-Jun-2016,3.9668,3.9714,3.957,3.9633,0
USDRSD,07-Jun-2016,108.3,108.521,108.032,108.488,0
USDRUB,07-Jun-2016,65.24,65.325,64.61,64.62,0
USDRWF,07-Jun-2016,740,761,739.43,761,0
USDSAR,07-Jun-2016,3.7471,3.7488,3.7456,3.7459,0
USDSCR,07-Jun-2016,12.1539,12.3083,12.138,12.1382,0
USDSDD,07-Jun-2016,603.4,603.61,603.17,603.61,0
USDSEK,07-Jun-2016,8.122,8.1452,8.1053,8.1247,0
USDSGD,07-Jun-2016,1.3557,1.3588,1.351,1.352,0
USDSHP,07-Jun-2016,1.5892,1.5896,1.5739,1.5799,0
USDSKK,07-Jun-2016,26.35,26.35,26.35,26.35,0
USDSLL,07-Jun-2016,3895,3895,3892,3895,0
USDSOS,07-Jun-2016,560,560,559.4,560,0
USDSTD,07-Jun-2016,20900,20933,20900,20930,0
USDSVC,07-Jun-2016,8.5346,8.5367,8.5346,8.5367,0
USDSZL,07-Jun-2016,14.89,14.8925,14.8718,14.8925,0
USDTHB,07-Jun-2016,35.2477,35.3161,35.1474,35.1925,0
USDTND,07-Jun-2016,2.1242,2.13,2.1216,2.1256,0
USDTRY,07-Jun-2016,2.9046,2.9098,2.8917,2.8958,0
USDTWD,07-Jun-2016,32.3891,32.3891,32.0947,32.2917,0
USDTZS,07-Jun-2016,2146.2,2147.6,2146.2,2147.6,0
USDUAH,07-Jun-2016,24.68,24.706,24.68,24.706,0
USDUYU,07-Jun-2016,30.733,30.733,30.502,30.502,0
USDUZS,07-Jun-2016,2915,2920,2914.5,2920,0
USDVEF,07-Jun-2016,9.98,9.98,9.97,9.97,0
USDVND,07-Jun-2016,22013,22320,21992,21992,0
USDXAF,07-Jun-2016,578.52,578.52,577.43,577.43,0
USDXOF,07-Jun-2016,579,579,576,576,0
USDXPF,07-Jun-2016,105,105,104.75,104.75,0
USDYER,07-Jun-2016,249.75,249.75,249.73,249.75,0
USDZAR,07-Jun-2016,14.8973,14.9552,14.7945,14.9196,0
UYUEUR,07-Jun-2016,0.028,0.0283,0.0279,0.0283,0
UYUUSD,07-Jun-2016,0.0317,0.0321,0.0317,0.0321,0
UZSCHF,07-Jun-2016,0.0003,0.0003,0.0003,0.0003,0
VEFEUR,07-Jun-2016,0.088,0.0882,0.088,0.0882,0
VEFUSD,07-Jun-2016,0.1,0.1,0.1,0.1,0
VNDJPY,07-Jun-2016,0.0047,0.0048,0.0047,0.0048,0
VNDXAF,07-Jun-2016,0.0259,0.0259,0.0258,0.0258,0
XAGAUD,07-Jun-2016,22.28,22.31,21.81,21.96,0
XAGBRL,07-Jun-2016,57.46,57.46,56.37,56.37,0
XAGCAD,07-Jun-2016,21.1003,21.1129,20.7858,20.9108,0
XAGCNY,07-Jun-2016,108.07,108.21,106.81,107.72,0
XAGEUR,07-Jun-2016,14.48,14.5,14.3,14.43,0
XAGGBP,07-Jun-2016,11.37,11.37,11.13,11.27,0
XAGHKD,07-Jun-2016,127.765,127.8329,126.1351,127.1473,0
XAGIDR,07-Jun-2016,2199.64,2201.95,2153.21,2169.37,0
XAGINR,07-Jun-2016,1097.73,1098.34,1083.56,1092.4,0
XAGJPY,07-Jun-2016,1766.19,1769.16,1746.04,1755.44,0
XAGKRW,07-Jun-2016,190.97,191.9,187.97,189.58,0
XAGMXN,07-Jun-2016,307.47,307.8,300.78,301.57,0
XAGRUB,07-Jun-2016,1078.87,1080.31,1056.22,1058.64,0
XAGSAR,07-Jun-2016,61.78,61.79,61,61.47,0
XAGTRY,07-Jun-2016,47.8388,47.8641,47.1653,47.4722,0
XAGUSD,07-Jun-2016,16.457,16.463,16.235,16.374,0
XAGZAR,07-Jun-2016,244.93,245.26,241.05,243.65,0
XAUAUD,07-Jun-2016,1686.8,1689.9,1660.4,1670.5,0
XAUBRL,07-Jun-2016,4341,4347,4276,4276,0
XAUCAD,07-Jun-2016,1595.05,1597.58,1580.11,1587.39,0
XAUCNY,07-Jun-2016,8169.3,8189.9,8122.8,8176.7,0
XAUEUR,07-Jun-2016,1095.04,1097.11,1088.6,1095.26,0
XAUGBP,07-Jun-2016,860.1,860.8,847.3,855,0
XAUHKD,07-Jun-2016,9665.927,9677.691,9597.023,9659.157,0
XAUIDR,07-Jun-2016,166232.6,166645.5,163659.2,164639.1,0
XAUINR,07-Jun-2016,83063.1,83170.1,82459.2,82975.7,0
XAUJPY,07-Jun-2016,133717.9,134095.3,132962.6,133476.3,0
XAUKRW,07-Jun-2016,14478.21,14512.2,14290.58,14384.7,0
XAUMXN,07-Jun-2016,23245.46,23278.89,22835.8,22890.7,0
XAUPLN,07-Jun-2016,4771.9,4779.5,4733.9,4769.3,0
XAURUB,07-Jun-2016,81557.08,81711.19,80296.96,80369.04,0
XAUSAR,07-Jun-2016,4668,4673.9,4635,4664,0
XAUTHB,07-Jun-2016,43861,43947,43498,43793,0
XAUTRY,07-Jun-2016,3614.83,3619.32,3584.43,3602.41,0
XAUUSD,07-Jun-2016,1243.84,1246.32,1234.82,1243.41,0
XAUZAR,07-Jun-2016,18535.3,18565.2,18351.3,18514.8,0
XCDGBP,07-Jun-2016,0.2545,0.2546,0.2522,0.2531,0
XPDEUR,07-Jun-2016,488.21,489.93,477.85,485.91,0
XPDGBP,07-Jun-2016,383.64,384.95,372.04,379.04,0
XPDUSD,07-Jun-2016,555.25,556.31,542.21,552.12,0
XPFGBP,07-Jun-2016,0.0065,0.0065,0.0065,0.0065,0
XPTEUR,07-Jun-2016,874.68,879.93,864.25,877.64,0
XPTGBP,07-Jun-2016,687.06,688.2,673.17,685.04,0
XPTUSD,07-Jun-2016,993.28,998.82,979.47,996.73,0
YERUSD,07-Jun-2016,0.004,0.004,0.004,0.004,0
ZARAED,07-Jun-2016,0.2462,0.2481,0.2444,0.2457,0
ZARARS,07-Jun-2016,0.9241,0.9301,0.9217,0.9279,0
ZARAUD,07-Jun-2016,0.091,0.091,0.0899,0.0901,0
ZARBRL,07-Jun-2016,0.2338,0.2359,0.2304,0.2305,0
ZARBWP,07-Jun-2016,0.7324,0.7372,0.7271,0.7271,0
ZARCAD,07-Jun-2016,0.086,0.0862,0.0854,0.0856,0
ZARCHF,07-Jun-2016,0.0651,0.0653,0.0647,0.0647,0
ZARCNY,07-Jun-2016,0.4397,0.4427,0.4393,0.4404,0
ZARCYP,07-Jun-2016,0.0345,0.0348,0.0344,0.0345,0
ZARDKK,07-Jun-2016,0.4387,0.4421,0.436,0.4381,0
ZAREUR,07-Jun-2016,0.059,0.0594,0.0589,0.059,0
ZARGBP,07-Jun-2016,0.0464,0.0464,0.046,0.0462,0
ZARHKD,07-Jun-2016,0.5208,0.5246,0.5169,0.5196,0
ZARIDR,07-Jun-2016,897.4,899.1,877.7,889.6,0
ZARINR,07-Jun-2016,4.482,4.508,4.4634,4.4729,0
ZARJPY,07-Jun-2016,7.084,7.179,7.027,7.074,0
ZARKES,07-Jun-2016,6.67,6.678,6.66,6.661,0
ZARKRW,07-Jun-2016,77.7935,77.9978,77.457,77.5489,0
ZARMUR,07-Jun-2016,2.295,2.295,2.2853,2.2863,0
ZARMXN,07-Jun-2016,1.2521,1.2557,1.2298,1.2335,0
ZARMYR,07-Jun-2016,0.27,0.27,0.27,0.27,0
ZARNOK,07-Jun-2016,0.5477,0.5488,0.5433,0.5433,0
ZARNZD,07-Jun-2016,0.097,0.0971,0.096,0.0963,0
ZAROMR,07-Jun-2016,0.0258,0.026,0.0256,0.0258,0
ZARPHP,07-Jun-2016,3.0981,3.1105,3.0794,3.0794,0
ZARPKR,07-Jun-2016,7.015,7.066,6.978,7.011,0
ZARPLN,07-Jun-2016,0.2573,0.2582,0.2566,0.2573,0
ZARSEK,07-Jun-2016,0.5446,0.5482,0.541,0.5437,0
ZARSGD,07-Jun-2016,0.0909,0.0914,0.0904,0.0904,0
ZARTHB,07-Jun-2016,2.3637,2.3726,2.3568,2.3621,0
ZARTRY,07-Jun-2016,0.1948,0.1956,0.1933,0.1938,0
ZARTWD,07-Jun-2016,2.0868,2.1083,2.0868,2.1083,0
ZARUSD,07-Jun-2016,0.0671,0.0675,0.0666,0.0669,0
ZMKZAR,07-Jun-2016,0.0028,0.0029,0.0028,0.0028,0
